name,remoteURL
AUTOMATIC1111/stable-diffusion-webui,https://github.com/AUTOMATIC1111/stable-diffusion-webui
AceLewis/my_first_calculator.py,https://github.com/AceLewis/my_first_calculator.py
ActivityWatch/activitywatch,https://github.com/ActivityWatch/activitywatch
AdamLaurie/RFIDIOt,https://github.com/AdamLaurie/RFIDIOt
AlessandroZ/LaZagne,https://github.com/AlessandroZ/LaZagne
Anjok07/ultimatevocalremovergui,https://github.com/Anjok07/ultimatevocalremovergui
Anorov/cloudflare-scrape,https://github.com/Anorov/cloudflare-scrape
AnthonyCalandra/modern-cpp-features,https://github.com/AnthonyCalandra/modern-cpp-features
Blizzard/s2client-proto,https://github.com/Blizzard/s2client-proto
CLUEbenchmark/CLUEDatasetSearch,https://github.com/CLUEbenchmark/CLUEDatasetSearch
CSAILVision/semantic-segmentation-pytorch,https://github.com/CSAILVision/semantic-segmentation-pytorch
Calamari-OCR/calamari,https://github.com/Calamari-OCR/calamari
Cog-Creators/Red-DiscordBot,https://github.com/Cog-Creators/Red-DiscordBot
Conchylicultor/DeepQA,https://github.com/Conchylicultor/DeepQA
ConsenSys/mythril,https://github.com/ConsenSys/mythril
CouchPotato/CouchPotatoServer,https://github.com/CouchPotato/CouchPotatoServer
Cue/scales,https://github.com/Cue/scales
DA-southampton/NLP_ability,https://github.com/DA-southampton/NLP_ability
Dod-o/Statistical-Learning-Method_Code,https://github.com/Dod-o/Statistical-Learning-Method_Code
Ebazhanov/linkedin-skill-assessments-quizzes,https://github.com/Ebazhanov/linkedin-skill-assessments-quizzes
EdjeElectronics/TensorFlow-Object-Detection-API-Tutorial-Train-Multiple-Objects-Windows-10,https://github.com/EdjeElectronics/TensorFlow-Object-Detection-API-Tutorial-Train-Multiple-Objects-Windows-10
Ehco1996/django-sspanel,https://github.com/Ehco1996/django-sspanel
EleutherAI/gpt-neo,https://github.com/EleutherAI/gpt-neo
EleutherAI/gpt-neox,https://github.com/EleutherAI/gpt-neox
Entromorgan/Autoticket,https://github.com/Entromorgan/Autoticket
FactoryBoy/factory_boy,https://github.com/FactoryBoy/factory_boy
FederatedAI/FATE,https://github.com/FederatedAI/FATE
FeeiCN/Cobra,https://github.com/FeeiCN/Cobra
Guake/guake,https://github.com/Guake/guake
HIT-SCIR/ltp,https://github.com/HIT-SCIR/ltp
HJLebbink/asm-dude,https://github.com/HJLebbink/asm-dude
HRNet/HRNet-Semantic-Segmentation,https://github.com/HRNet/HRNet-Semantic-Segmentation
HackerShackOfficial/Smart-Mirror,https://github.com/HackerShackOfficial/Smart-Mirror
Hironsan/BossSensor,https://github.com/Hironsan/BossSensor
InstaPy/InstaPy,https://github.com/InstaPy/InstaPy
Instagram/MonkeyType,https://github.com/Instagram/MonkeyType
IntelLabs/nlp-architect,https://github.com/IntelLabs/nlp-architect
Jack-Cherish/Machine-Learning,https://github.com/Jack-Cherish/Machine-Learning
Jack-Lee-Hiter/AlgorithmsByPython,https://github.com/Jack-Lee-Hiter/AlgorithmsByPython
JonathanSalwan/ROPgadget,https://github.com/JonathanSalwan/ROPgadget
JosephKJ/OWOD,https://github.com/JosephKJ/OWOD
JuanPotato/Legofy,https://github.com/JuanPotato/Legofy
Kaggle/kaggle-api,https://github.com/Kaggle/kaggle-api
Khrylx/PyTorch-RL,https://github.com/Khrylx/PyTorch-RL
Kinto/kinto,https://github.com/Kinto/kinto
LibreTranslate/LibreTranslate,https://github.com/LibreTranslate/LibreTranslate
LonamiWebs/Telethon,https://github.com/LonamiWebs/Telethon
Lyken17/Efficient-PyTorch,https://github.com/Lyken17/Efficient-PyTorch
MarvinTeichmann/KittiSeg,https://github.com/MarvinTeichmann/KittiSeg
MatrixTM/MHDDoS,https://github.com/MatrixTM/MHDDoS
MingchaoZhu/DeepLearning,https://github.com/MingchaoZhu/DeepLearning
Miserlou/Zappa,https://github.com/Miserlou/Zappa
MongoEngine/mongoengine,https://github.com/MongoEngine/mongoengine
MrMimic/data-scientist-roadmap,https://github.com/MrMimic/data-scientist-roadmap
NTMC-Community/MatchZoo,https://github.com/NTMC-Community/MatchZoo
NVIDIA-AI-IOT/torch2trt,https://github.com/NVIDIA-AI-IOT/torch2trt
NVIDIA/flownet2-pytorch,https://github.com/NVIDIA/flownet2-pytorch
NVIDIAGameWorks/kaolin-wisp,https://github.com/NVIDIAGameWorks/kaolin-wisp
NVlabs/imaginaire,https://github.com/NVlabs/imaginaire
NVlabs/stylegan2,https://github.com/NVlabs/stylegan2
NVlabs/stylegan3,https://github.com/NVlabs/stylegan3
Netflix/flamescope,https://github.com/Netflix/flamescope
Olivia5k/doge,https://github.com/Olivia5k/doge
PaddlePaddle/ERNIE,https://github.com/PaddlePaddle/ERNIE
PaddlePaddle/PaddleClas,https://github.com/PaddlePaddle/PaddleClas
PaddlePaddle/PaddleNLP,https://github.com/PaddlePaddle/PaddleNLP
PaddlePaddle/PaddleX,https://github.com/PaddlePaddle/PaddleX
Pithikos/python-websocket-server,https://github.com/Pithikos/python-websocket-server
PokeAPI/pokeapi,https://github.com/PokeAPI/pokeapi
Project-MONAI/MONAI,https://github.com/Project-MONAI/MONAI
ProvenanceLabs/image-match,https://github.com/ProvenanceLabs/image-match
PyCQA/pycodestyle,https://github.com/PyCQA/pycodestyle
PythonJS/PythonJS,https://github.com/PythonJS/PythonJS
RangiLyu/nanodet,https://github.com/RangiLyu/nanodet
RasaHQ/rasa,https://github.com/RasaHQ/rasa
RhinoSecurityLabs/pacu,https://github.com/RhinoSecurityLabs/pacu
RocketMap/RocketMap,https://github.com/RocketMap/RocketMap
RsaCtfTool/RsaCtfTool,https://github.com/RsaCtfTool/RsaCtfTool
Rurik/Noriben,https://github.com/Rurik/Noriben
SeanLee97/xmnlp,https://github.com/SeanLee97/xmnlp
SimonBlanke/Gradient-Free-Optimizers,https://github.com/SimonBlanke/Gradient-Free-Optimizers
SublimeText/CTags,https://github.com/SublimeText/CTags
TachibanaYoshino/AnimeGAN,https://github.com/TachibanaYoshino/AnimeGAN
Taiko2k/TauonMusicBox,https://github.com/Taiko2k/TauonMusicBox
Tautulli/Tautulli,https://github.com/Tautulli/Tautulli
Tencent/FaceDetection-DSFD,https://github.com/Tencent/FaceDetection-DSFD
TheAlgorithms/Python,https://github.com/TheAlgorithms/Python
Tianxiaomo/pytorch-YOLOv4,https://github.com/Tianxiaomo/pytorch-YOLOv4
Tib3rius/AutoRecon,https://github.com/Tib3rius/AutoRecon
Tribler/tribler,https://github.com/Tribler/tribler
UKPLab/sentence-transformers,https://github.com/UKPLab/sentence-transformers
Unidata/MetPy,https://github.com/Unidata/MetPy
ZhaoJ9014/face.evoLVe,https://github.com/ZhaoJ9014/face.evoLVe
a1studmuffin/SpaceshipGenerator,https://github.com/a1studmuffin/SpaceshipGenerator
aaPanel/BaoTa,https://github.com/aaPanel/BaoTa
aboul3la/Sublist3r,https://github.com/aboul3la/Sublist3r
adamerose/PandasGUI,https://github.com/adamerose/PandasGUI
adamian98/pulse,https://github.com/adamian98/pulse
aidlearning/AidLearning-FrameWork,https://github.com/aidlearning/AidLearning-FrameWork
airbnb/knowledge-repo,https://github.com/airbnb/knowledge-repo
ajenti/ajenti,https://github.com/ajenti/ajenti
aladdinpersson/Machine-Learning-Collection,https://github.com/aladdinpersson/Machine-Learning-Collection
alessandro-zomparelli/tissue,https://github.com/alessandro-zomparelli/tissue
alex04072000/ObstructionRemoval,https://github.com/alex04072000/ObstructionRemoval
alexjc/neural-doodle,https://github.com/alexjc/neural-doodle
alichtman/shallow-backup,https://github.com/alichtman/shallow-backup
alirezamika/autoscraper,https://github.com/alirezamika/autoscraper
alumae/kaldi-gstreamer-server,https://github.com/alumae/kaldi-gstreamer-server
amueller/word_cloud,https://github.com/amueller/word_cloud
andreafrancia/trash-cli,https://github.com/andreafrancia/trash-cli
andreas128/RePaint,https://github.com/andreas128/RePaint
androguard/androguard,https://github.com/androguard/androguard
aneesha/RAKE,https://github.com/aneesha/RAKE
ansible/ansible-modules-extras,https://github.com/ansible/ansible-modules-extras
antiboredom/audiogrep,https://github.com/antiboredom/audiogrep
anudeepND/whitelist,https://github.com/anudeepND/whitelist
arc298/instagram-scraper,https://github.com/arc298/instagram-scraper
arthepsy/ssh-audit,https://github.com/arthepsy/ssh-audit
astorfi/TensorFlow-World,https://github.com/astorfi/TensorFlow-World
automagica/automagica,https://github.com/automagica/automagica
awesto/django-shop,https://github.com/awesto/django-shop
aws/chalice,https://github.com/aws/chalice
awslabs/gluonts,https://github.com/awslabs/gluonts
awtkns/fastapi-crudrouter,https://github.com/awtkns/fastapi-crudrouter
axi0mX/ipwndfu,https://github.com/axi0mX/ipwndfu
axnsan12/drf-yasg,https://github.com/axnsan12/drf-yasg
aymericdamien/TopDeepLearning,https://github.com/aymericdamien/TopDeepLearning
baowenbo/DAIN,https://github.com/baowenbo/DAIN
behave/behave,https://github.com/behave/behave
bfortuner/ml-glossary,https://github.com/bfortuner/ml-glossary
biancangming/wtv,https://github.com/biancangming/wtv
bigchaindb/bigchaindb,https://github.com/bigchaindb/bigchaindb
binarymatt/pyres,https://github.com/binarymatt/pyres
binux/pyspider,https://github.com/binux/pyspider
biubug6/Face-Detector-1MB-with-landmark,https://github.com/biubug6/Face-Detector-1MB-with-landmark
blaze/blaze,https://github.com/blaze/blaze
bloomberg/memray,https://github.com/bloomberg/memray
borisdayma/dalle-mini,https://github.com/borisdayma/dalle-mini
brennerm/PyTricks,https://github.com/brennerm/PyTricks
brettkromkamp/contextualise,https://github.com/brettkromkamp/contextualise
bup/bup,https://github.com/bup/bup
buriburisuri/speech-to-text-wavenet,https://github.com/buriburisuri/speech-to-text-wavenet
burnash/gspread,https://github.com/burnash/gspread
byashimov/django-controlcenter,https://github.com/byashimov/django-controlcenter
bytefish/facerec,https://github.com/bytefish/facerec
carltongibson/django-filter,https://github.com/carltongibson/django-filter
celery/celery,https://github.com/celery/celery
cemoody/lda2vec,https://github.com/cemoody/lda2vec
chatopera/Synonyms,https://github.com/chatopera/Synonyms
chriskiehl/Gooey,https://github.com/chriskiehl/Gooey
cleanlab/cleanlab,https://github.com/cleanlab/cleanlab
codertimo/BERT-pytorch,https://github.com/codertimo/BERT-pytorch
coleifer/peewee,https://github.com/coleifer/peewee
commonmark/commonmark-spec,https://github.com/commonmark/commonmark-spec
constverum/ProxyBroker,https://github.com/constverum/ProxyBroker
cookiecutter/cookiecutter-django,https://github.com/cookiecutter/cookiecutter-django
cyrus-and/gdb-dashboard,https://github.com/cyrus-and/gdb-dashboard
cysmith/neural-style-tf,https://github.com/cysmith/neural-style-tf
dagster-io/dagster,https://github.com/dagster-io/dagster
danielgatis/rembg,https://github.com/danielgatis/rembg
dataabc/weiboSpider,https://github.com/dataabc/weiboSpider
dbcli/mycli,https://github.com/dbcli/mycli
ddgth/cf2dns,https://github.com/ddgth/cf2dns
decalage2/ViperMonkey,https://github.com/decalage2/ViperMonkey
deepmind/trfl,https://github.com/deepmind/trfl
deepset-ai/haystack,https://github.com/deepset-ai/haystack
dennybritz/cnn-text-classification-tf,https://github.com/dennybritz/cnn-text-classification-tf
derrod/legendary,https://github.com/derrod/legendary
derv82/wifite2,https://github.com/derv82/wifite2
devicons/devicon,https://github.com/devicons/devicon
django-crispy-forms/django-crispy-forms,https://github.com/django-crispy-forms/django-crispy-forms
django-tastypie/django-tastypie,https://github.com/django-tastypie/django-tastypie
django-tenants/django-tenants,https://github.com/django-tenants/django-tenants
dmlc/dgl,https://github.com/dmlc/dgl
docker-archive/docker-registry,https://github.com/docker-archive/docker-registry
docker/docker-py,https://github.com/docker/docker-py
donnemartin/system-design-primer,https://github.com/donnemartin/system-design-primer
dortania/OpenCore-Legacy-Patcher,https://github.com/dortania/OpenCore-Legacy-Patcher
douban/dpark,https://github.com/douban/dpark
dschep/ntfy,https://github.com/dschep/ntfy
dylanaraps/pywal,https://github.com/dylanaraps/pywal
ecthros/uncaptcha2,https://github.com/ecthros/uncaptcha2
ehForwarderBot/ehForwarderBot,https://github.com/ehForwarderBot/ehForwarderBot
elastic/curator,https://github.com/elastic/curator
elastic/ecs,https://github.com/elastic/ecs
elastic/elasticsearch-py,https://github.com/elastic/elasticsearch-py
elebumm/RedditVideoMakerBot,https://github.com/elebumm/RedditVideoMakerBot
emedvedev/attention-ocr,https://github.com/emedvedev/attention-ocr
encode/django-rest-framework,https://github.com/encode/django-rest-framework
encode/starlette,https://github.com/encode/starlette
encode/uvicorn,https://github.com/encode/uvicorn
epfml/attention-cnn,https://github.com/epfml/attention-cnn
eriklindernoren/PyTorch-GAN,https://github.com/eriklindernoren/PyTorch-GAN
errbotio/errbot,https://github.com/errbotio/errbot
espressif/esptool,https://github.com/espressif/esptool
eternnoir/pyTelegramBotAPI,https://github.com/eternnoir/pyTelegramBotAPI
ethereon/caffe-tensorflow,https://github.com/ethereon/caffe-tensorflow
ethereum/consensus-specs,https://github.com/ethereum/consensus-specs
evhub/coconut,https://github.com/evhub/coconut
ewels/MultiQC,https://github.com/ewels/MultiQC
explosion/spaCy,https://github.com/explosion/spaCy
f0cker/crackq,https://github.com/f0cker/crackq
facebookincubator/OnlineSchemaChange,https://github.com/facebookincubator/OnlineSchemaChange
facebookresearch/ConvNeXt,https://github.com/facebookresearch/ConvNeXt
facebookresearch/Detectron,https://github.com/facebookresearch/Detectron
facebookresearch/DrQA,https://github.com/facebookresearch/DrQA
facebookresearch/LAMA,https://github.com/facebookresearch/LAMA
facebookresearch/MUSE,https://github.com/facebookresearch/MUSE
facebookresearch/PyTorch-BigGraph,https://github.com/facebookresearch/PyTorch-BigGraph
facebookresearch/hydra,https://github.com/facebookresearch/hydra
facebookresearch/mae,https://github.com/facebookresearch/mae
facebookresearch/pytorch3d,https://github.com/facebookresearch/pytorch3d
facebookresearch/pytorchvideo,https://github.com/facebookresearch/pytorchvideo
fail2ban/fail2ban,https://github.com/fail2ban/fail2ban
feast-dev/feast,https://github.com/feast-dev/feast
fighting41love/funNLP,https://github.com/fighting41love/funNLP
fire-keeper/BlindWatermark,https://github.com/fire-keeper/BlindWatermark
flask-admin/flask-admin,https://github.com/flask-admin/flask-admin
flask-restful/flask-restful,https://github.com/flask-restful/flask-restful
formspree/formspree,https://github.com/formspree/formspree
frappe/frappe,https://github.com/frappe/frappe
garnaat/kappa,https://github.com/garnaat/kappa
garrettj403/SciencePlots,https://github.com/garrettj403/SciencePlots
geekcomputers/Python,https://github.com/geekcomputers/Python
gelstudios/gitfiti,https://github.com/gelstudios/gitfiti
geopy/geopy,https://github.com/geopy/geopy
getsentry/responses,https://github.com/getsentry/responses
golemfactory/clay,https://github.com/golemfactory/clay
google-research/fixmatch,https://github.com/google-research/fixmatch
google/active-learning,https://github.com/google/active-learning
google/latexify_py,https://github.com/google/latexify_py
google/trax,https://github.com/google/trax
googleapis/google-api-python-client,https://github.com/googleapis/google-api-python-client
googlefonts/noto-emoji,https://github.com/googlefonts/noto-emoji
hack4impact/flask-base,https://github.com/hack4impact/flask-base
hellerve/programming-talks,https://github.com/hellerve/programming-talks
hhatto/autopep8,https://github.com/hhatto/autopep8
home-assistant/core,https://github.com/home-assistant/core
houtianze/bypy,https://github.com/houtianze/bypy
hpcaitech/ColossalAI,https://github.com/hpcaitech/ColossalAI
huashengdun/webssh,https://github.com/huashengdun/webssh
huawei-noah/AdderNet,https://github.com/huawei-noah/AdderNet
huawei-noah/Efficient-AI-Backbones,https://github.com/huawei-noah/Efficient-AI-Backbones
huggingface/datasets,https://github.com/huggingface/datasets
huggingface/transformers,https://github.com/huggingface/transformers
hylang/hy,https://github.com/hylang/hy
hzy46/Char-RNN-TensorFlow,https://github.com/hzy46/Char-RNN-TensorFlow
idank/explainshell,https://github.com/idank/explainshell
idealo/image-super-resolution,https://github.com/idealo/image-super-resolution
idealo/imagededup,https://github.com/idealo/imagededup
imWildCat/scylla,https://github.com/imWildCat/scylla
instaloader/instaloader,https://github.com/instaloader/instaloader
instillai/machine-learning-course,https://github.com/instillai/machine-learning-course
intoli/exodus,https://github.com/intoli/exodus
iswbm/magic-python,https://github.com/iswbm/magic-python
ivanov/vim-ipython,https://github.com/ivanov/vim-ipython
ivre/ivre,https://github.com/ivre/ivre
jackzhenguo/python-small-examples,https://github.com/jackzhenguo/python-small-examples
jadore801120/attention-is-all-you-need-pytorch,https://github.com/jadore801120/attention-is-all-you-need-pytorch
jamalex/notion-py,https://github.com/jamalex/notion-py
jayfk/statuspage,https://github.com/jayfk/statuspage
jazzband/django-debug-toolbar,https://github.com/jazzband/django-debug-toolbar
jceb/vim-orgmode,https://github.com/jceb/vim-orgmode
jd/tenacity,https://github.com/jd/tenacity
jeanphix/Ghost.py,https://github.com/jeanphix/Ghost.py
jesse-ai/jesse,https://github.com/jesse-ai/jesse
jimmyxu/chnroutes,https://github.com/jimmyxu/chnroutes
jina-ai/clip-as-service,https://github.com/jina-ai/clip-as-service
jinfagang/yolov7_d2,https://github.com/jinfagang/yolov7_d2
jisungk/deepjazz,https://github.com/jisungk/deepjazz
jithurjacob/Windows-10-Toast-Notifications,https://github.com/jithurjacob/Windows-10-Toast-Notifications
jocicmarko/ultrasound-nerve-segmentation,https://github.com/jocicmarko/ultrasound-nerve-segmentation
joeddav/devol,https://github.com/joeddav/devol
joeyespo/grip,https://github.com/joeyespo/grip
jonaswinkler/paperless-ng,https://github.com/jonaswinkler/paperless-ng
jorisschellekens/borb,https://github.com/jorisschellekens/borb
jrnl-org/jrnl,https://github.com/jrnl-org/jrnl
jumpserver/jumpserver,https://github.com/jumpserver/jumpserver
junxiaosong/AlphaZero_Gomoku,https://github.com/junxiaosong/AlphaZero_Gomoku
junyanz/CatPapers,https://github.com/junyanz/CatPapers
jwyang/fpn.pytorch,https://github.com/jwyang/fpn.pytorch
jxxghp/nas-tools,https://github.com/jxxghp/nas-tools
karpathy/minGPT,https://github.com/karpathy/minGPT
kartograph/kartograph.py,https://github.com/kartograph/kartograph.py
keras-team/autokeras,https://github.com/keras-team/autokeras
kitao/pyxel,https://github.com/kitao/pyxel
kivy/python-for-android,https://github.com/kivy/python-for-android
kornia/kornia,https://github.com/kornia/kornia
kovidgoyal/kitty,https://github.com/kovidgoyal/kitty
lazyprogrammer/machine_learning_examples,https://github.com/lazyprogrammer/machine_learning_examples
leegao/readme2tex,https://github.com/leegao/readme2tex
leisurelicht/wtfpython-cn,https://github.com/leisurelicht/wtfpython-cn
librosa/librosa,https://github.com/librosa/librosa
lijiejie/subDomainsBrute,https://github.com/lijiejie/subDomainsBrute
listen1/listen1,https://github.com/listen1/listen1
littlecodersh/ItChat,https://github.com/littlecodersh/ItChat
longld/peda,https://github.com/longld/peda
lucidrains/DALLE-pytorch,https://github.com/lucidrains/DALLE-pytorch
lucidrains/imagen-pytorch,https://github.com/lucidrains/imagen-pytorch
lux-org/lux,https://github.com/lux-org/lux
lzjun567/zhihu-api,https://github.com/lzjun567/zhihu-api
macropin/django-registration,https://github.com/macropin/django-registration
madmaze/pytesseract,https://github.com/madmaze/pytesseract
mahmoud/boltons,https://github.com/mahmoud/boltons
mahyarnajibi/SNIPER,https://github.com/mahyarnajibi/SNIPER
man-group/arctic,https://github.com/man-group/arctic
mantl/mantl,https://github.com/mantl/mantl
marshmallow-code/marshmallow,https://github.com/marshmallow-code/marshmallow
martinarjovsky/WassersteinGAN,https://github.com/martinarjovsky/WassersteinGAN
maxcountryman/flask-login,https://github.com/maxcountryman/flask-login
meetmangukiya/instagram-scraper,https://github.com/meetmangukiya/instagram-scraper
megvii-research/ECCV2022-RIFE,https://github.com/megvii-research/ECCV2022-RIFE
merantix/picasso,https://github.com/merantix/picasso
microsoft/Bringing-Old-Photos-Back-to-Life,https://github.com/microsoft/Bringing-Old-Photos-Back-to-Life
microsoft/Oscar,https://github.com/microsoft/Oscar
microsoft/cascadia-code,https://github.com/microsoft/cascadia-code
microsoft/fluentui-emoji,https://github.com/microsoft/fluentui-emoji
microsoft/gated-graph-neural-network-samples,https://github.com/microsoft/gated-graph-neural-network-samples
microsoft/human-pose-estimation.pytorch,https://github.com/microsoft/human-pose-estimation.pytorch
microsoft/qlib,https://github.com/microsoft/qlib
microsoft/unilm,https://github.com/microsoft/unilm
midgetspy/Sick-Beard,https://github.com/midgetspy/Sick-Beard
miguelgrinberg/REST-auth,https://github.com/miguelgrinberg/REST-auth
milesial/Pytorch-UNet,https://github.com/milesial/Pytorch-UNet
mingrammer/diagrams,https://github.com/mingrammer/diagrams
miracle2k/webassets,https://github.com/miracle2k/webassets
miyakogi/pyppeteer,https://github.com/miyakogi/pyppeteer
mkaz/termgraph,https://github.com/mkaz/termgraph
mooz/percol,https://github.com/mooz/percol
mosaicml/composer,https://github.com/mosaicml/composer
mothran/bunny,https://github.com/mothran/bunny
mps-youtube/mps-youtube,https://github.com/mps-youtube/mps-youtube
msracver/Deformable-ConvNets,https://github.com/msracver/Deformable-ConvNets
mubix/shellshocker-pocs,https://github.com/mubix/shellshocker-pocs
myhub/tr,https://github.com/myhub/tr
mzucker/noteshrink,https://github.com/mzucker/noteshrink
nabla-c0d3/sslyze,https://github.com/nabla-c0d3/sslyze
navdeep-G/samplemod,https://github.com/navdeep-G/samplemod
neuml/txtai,https://github.com/neuml/txtai
neuroradiology/InsideReCaptcha,https://github.com/neuroradiology/InsideReCaptcha
newpanjing/simpleui,https://github.com/newpanjing/simpleui
nixawk/pentest-wiki,https://github.com/nixawk/pentest-wiki
nltk/nltk,https://github.com/nltk/nltk
nneonneo/2048-ai,https://github.com/nneonneo/2048-ai
noirbizarre/flask-restplus,https://github.com/noirbizarre/flask-restplus
noob-hackers/ipdrone,https://github.com/noob-hackers/ipdrone
not-kennethreitz/osx-gcc-installer,https://github.com/not-kennethreitz/osx-gcc-installer
nryoung/algorithms,https://github.com/nryoung/algorithms
numenta/nupic,https://github.com/numenta/nupic
nvbn/thefuck,https://github.com/nvbn/thefuck
ocrmypdf/OCRmyPDF,https://github.com/ocrmypdf/OCRmyPDF
open-mmlab/OpenPCDet,https://github.com/open-mmlab/OpenPCDet
open-mmlab/mmcv,https://github.com/open-mmlab/mmcv
openai/DALL-E,https://github.com/openai/DALL-E
openai/glide-text2im,https://github.com/openai/glide-text2im
openai/gpt-2,https://github.com/openai/gpt-2
openai/jukebox,https://github.com/openai/jukebox
oppia/oppia,https://github.com/oppia/oppia
overviewer/Minecraft-Overviewer,https://github.com/overviewer/Minecraft-Overviewer
pallets/click,https://github.com/pallets/click
pavelgonchar/colornet,https://github.com/pavelgonchar/colornet
phalt/swapi,https://github.com/phalt/swapi
pika/pika,https://github.com/pika/pika
pkhungurn/talking-head-anime-2-demo,https://github.com/pkhungurn/talking-head-anime-2-demo
platformio/platformio-core,https://github.com/platformio/platformio-core
powerline/powerline,https://github.com/powerline/powerline
prompt-toolkit/python-prompt-toolkit,https://github.com/prompt-toolkit/python-prompt-toolkit
ptswarm/reFlutter,https://github.com/ptswarm/reFlutter
py-pdf/PyPDF2,https://github.com/py-pdf/PyPDF2
py-why/dowhy,https://github.com/py-why/dowhy
pybrain/pybrain,https://github.com/pybrain/pybrain
pydantic/pydantic,https://github.com/pydantic/pydantic
pyeve/eve,https://github.com/pyeve/eve
pyinstaller/pyinstaller,https://github.com/pyinstaller/pyinstaller
pyodide/pyodide,https://github.com/pyodide/pyodide
pypa/pipx,https://github.com/pypa/pipx
pyrogram/pyrogram,https://github.com/pyrogram/pyrogram
python-eel/Eel,https://github.com/python-eel/Eel
qubvel/segmentation_models.pytorch,https://github.com/qubvel/segmentation_models.pytorch
r0ysue/r0capture,https://github.com/r0ysue/r0capture
rafaelpadilla/Object-Detection-Metrics,https://github.com/rafaelpadilla/Object-Detection-Metrics
raghakot/keras-vis,https://github.com/raghakot/keras-vis
rasbt/mlxtend,https://github.com/rasbt/mlxtend
readthedocs/readthedocs.org,https://github.com/readthedocs/readthedocs.org
reddit-archive/reddit,https://github.com/reddit-archive/reddit
reinderien/mimic,https://github.com/reinderien/mimic
rhiever/datacleaner,https://github.com/rhiever/datacleaner
ricequant/rqalpha,https://github.com/ricequant/rqalpha
rlcode/reinforcement-learning,https://github.com/rlcode/reinforcement-learning
rmax/scrapy-redis,https://github.com/rmax/scrapy-redis
robbiebarrat/rapping-neural-network,https://github.com/robbiebarrat/rapping-neural-network
robotframework/robotframework,https://github.com/robotframework/robotframework
roman-right/beanie,https://github.com/roman-right/beanie
ronreiter/interactive-tutorials,https://github.com/ronreiter/interactive-tutorials
rossant/awesome-math,https://github.com/rossant/awesome-math
rougier/matplotlib-cheatsheet,https://github.com/rougier/matplotlib-cheatsheet
roytseng-tw/Detectron.pytorch,https://github.com/roytseng-tw/Detectron.pytorch
rsalmei/alive-progress,https://github.com/rsalmei/alive-progress
rsms/inter,https://github.com/rsms/inter
rtqichen/torchdiffeq,https://github.com/rtqichen/torchdiffeq
run-x/opta,https://github.com/run-x/opta
rusthon/Rusthon,https://github.com/rusthon/Rusthon
rwightman/pytorch-image-models,https://github.com/rwightman/pytorch-image-models
rwv/chinese-dos-games,https://github.com/rwv/chinese-dos-games
s0md3v/Arjun,https://github.com/s0md3v/Arjun
s0md3v/Photon,https://github.com/s0md3v/Photon
s3tools/s3cmd,https://github.com/s3tools/s3cmd
saltstack/salt,https://github.com/saltstack/salt
sammchardy/python-binance,https://github.com/sammchardy/python-binance
sarumont/py-trello,https://github.com/sarumont/py-trello
scikit-learn-contrib/imbalanced-learn,https://github.com/scikit-learn-contrib/imbalanced-learn
scipy-lectures/scipy-lecture-notes,https://github.com/scipy-lectures/scipy-lecture-notes
scottrogowski/code2flow,https://github.com/scottrogowski/code2flow
scrapinghub/portia,https://github.com/scrapinghub/portia
scrapinghub/splash,https://github.com/scrapinghub/splash
scrapy-plugins/scrapy-splash,https://github.com/scrapy-plugins/scrapy-splash
sdushantha/qr-filetransfer,https://github.com/sdushantha/qr-filetransfer
secdev/scapy,https://github.com/secdev/scapy
secretflow/secretflow,https://github.com/secretflow/secretflow
secretsquirrel/the-backdoor-factory,https://github.com/secretsquirrel/the-backdoor-factory
sehmaschine/django-filebrowser,https://github.com/sehmaschine/django-filebrowser
sensity-ai/dot,https://github.com/sensity-ai/dot
shadowmoose/RedditDownloader,https://github.com/shadowmoose/RedditDownloader
shidenggui/easyquotation,https://github.com/shidenggui/easyquotation
sicara/tf-explain,https://github.com/sicara/tf-explain
simonw/sqlite-utils,https://github.com/simonw/sqlite-utils
skorokithakis/django-annoying,https://github.com/skorokithakis/django-annoying
sktime/sktime,https://github.com/sktime/sktime
sloria/environs,https://github.com/sloria/environs
snipsco/snips-nlu,https://github.com/snipsco/snips-nlu
softScheck/tplink-smartplug,https://github.com/softScheck/tplink-smartplug
soimort/you-get,https://github.com/soimort/you-get
soxoj/maigret,https://github.com/soxoj/maigret
spadgos/sublime-jsdocs,https://github.com/spadgos/sublime-jsdocs
sphinx-doc/sphinx,https://github.com/sphinx-doc/sphinx
spotify/luigi,https://github.com/spotify/luigi
sqlalchemy/sqlalchemy,https://github.com/sqlalchemy/sqlalchemy
sqlfluff/sqlfluff,https://github.com/sqlfluff/sqlfluff
sshuttle/sshuttle,https://github.com/sshuttle/sshuttle
sshwsfc/xadmin,https://github.com/sshwsfc/xadmin
ssut/py-googletrans,https://github.com/ssut/py-googletrans
stamparm/maltrail,https://github.com/stamparm/maltrail
stan-dev/pystan2,https://github.com/stan-dev/pystan2
stanfordnlp/stanza,https://github.com/stanfordnlp/stanza
streamlink/streamlink,https://github.com/streamlink/streamlink
taehoonlee/tensornets,https://github.com/taehoonlee/tensornets
taojy123/KeymouseGo,https://github.com/taojy123/KeymouseGo
taoufik07/responder,https://github.com/taoufik07/responder
tartley/colorama,https://github.com/tartley/colorama
taxigps/xbmc-addons-chinese,https://github.com/taxigps/xbmc-addons-chinese
tensorflow/tensor2tensor,https://github.com/tensorflow/tensor2tensor
tensorlayer/TensorLayer,https://github.com/tensorlayer/TensorLayer
tensortrade-org/tensortrade,https://github.com/tensortrade-org/tensortrade
testerSunshine/12306,https://github.com/testerSunshine/12306
tflearn/tflearn,https://github.com/tflearn/tflearn
thumbor/thumbor,https://github.com/thumbor/thumbor
tkipf/gcn,https://github.com/tkipf/gcn
tmbo/questionary,https://github.com/tmbo/questionary
tmux-python/tmuxp,https://github.com/tmux-python/tmuxp
tonybeltramelli/pix2code,https://github.com/tonybeltramelli/pix2code
tornadoweb/tornado,https://github.com/tornadoweb/tornado
torrinworx/Blend_My_NFTs,https://github.com/torrinworx/Blend_My_NFTs
uber-common/metta,https://github.com/uber-common/metta
ultrafunkamsterdam/undetected-chromedriver,https://github.com/ultrafunkamsterdam/undetected-chromedriver
ultralytics/yolov3,https://github.com/ultralytics/yolov3
ungoogled-software/ungoogled-chromium,https://github.com/ungoogled-software/ungoogled-chromium
vaexio/vaex,https://github.com/vaexio/vaex
videoflow/videoflow,https://github.com/videoflow/videoflow
vinta/awesome-python,https://github.com/vinta/awesome-python
vipstone/faceai,https://github.com/vipstone/faceai
vmware/photon,https://github.com/vmware/photon
vmware/pyvmomi-community-samples,https://github.com/vmware/pyvmomi-community-samples
voila-dashboards/voila,https://github.com/voila-dashboards/voila
vt-vl-lab/3d-photo-inpainting,https://github.com/vt-vl-lab/3d-photo-inpainting
wangzheng0822/algo,https://github.com/wangzheng0822/algo
waydroid/waydroid,https://github.com/waydroid/waydroid
websocket-client/websocket-client,https://github.com/websocket-client/websocket-client
welliamcao/OpsManage,https://github.com/welliamcao/OpsManage
wepe/MachineLearning,https://github.com/wepe/MachineLearning
williamleif/GraphSAGE,https://github.com/williamleif/GraphSAGE
wilsonfreitas/awesome-quant,https://github.com/wilsonfreitas/awesome-quant
wireservice/csvkit,https://github.com/wireservice/csvkit
wiseodd/generative-models,https://github.com/wiseodd/generative-models
worldveil/dejavu,https://github.com/worldveil/dejavu
wzhe06/Reco-papers,https://github.com/wzhe06/Reco-papers
wzpan/wukong-robot,https://github.com/wzpan/wukong-robot
x0rz/tweets_analyzer,https://github.com/x0rz/tweets_analyzer
x64dbg/docs,https://github.com/x64dbg/docs
xiaolai/regular-investing-in-box,https://github.com/xiaolai/regular-investing-in-box
xmendez/wfuzz,https://github.com/xmendez/wfuzz
xpleaf/Blog_mini,https://github.com/xpleaf/Blog_mini
ydataai/pandas-profiling,https://github.com/ydataai/pandas-profiling
yenchenlin/nerf-pytorch,https://github.com/yenchenlin/nerf-pytorch
youfou/wxpy,https://github.com/youfou/wxpy
yuanxiaosc/DeepNude-an-Image-to-Image-technology,https://github.com/yuanxiaosc/DeepNude-an-Image-to-Image-technology
ywdblog/certbot-letencrypt-wildcardcertificates-alydns-au,https://github.com/ywdblog/certbot-letencrypt-wildcardcertificates-alydns-au
zhm-real/PathPlanning,https://github.com/zhm-real/PathPlanning
zhouhaoyi/Informer2020,https://github.com/zhouhaoyi/Informer2020
zq1997/deepin-wine,https://github.com/zq1997/deepin-wine
zzzeek/sqlalchemy,https://github.com/zzzeek/sqlalchemy
