name,url
Azure/autorest,https://github.com/Azure/autorest
BabylonJS/Babylon.js,https://github.com/BabylonJS/Babylon.js
BishopFox/unredacter,https://github.com/BishopFox/unredacter
BotsAppOfficial/BotsApp,https://github.com/BotsAppOfficial/BotsApp
BrainJS/brain.js,https://github.com/BrainJS/brain.js
BuilderIO/builder,https://github.com/BuilderIO/builder
BuilderIO/mitosis,https://github.com/BuilderIO/mitosis
BuilderIO/qwik,https://github.com/BuilderIO/qwik
CJex/regulex,https://github.com/CJex/regulex
CopyTranslator/CopyTranslator,https://github.com/CopyTranslator/CopyTranslator
DefinitelyTyped/DefinitelyTyped,https://github.com/DefinitelyTyped/DefinitelyTyped
DylanVann/react-native-fast-image,https://github.com/DylanVann/react-native-fast-image
Eugeny/tabby,https://github.com/Eugeny/tabby
FaridSafi/react-native-gifted-chat,https://github.com/FaridSafi/react-native-gifted-chat
FormidableLabs/urql,https://github.com/FormidableLabs/urql
FullHuman/purgecss,https://github.com/FullHuman/purgecss
GeekyAnts/NativeBase,https://github.com/GeekyAnts/NativeBase
GoogleChrome/rendertron,https://github.com/GoogleChrome/rendertron
GoogleChromeLabs/comlink,https://github.com/GoogleChromeLabs/comlink
GoogleChromeLabs/squoosh,https://github.com/GoogleChromeLabs/squoosh
Hopding/pdf-lib,https://github.com/Hopding/pdf-lib
HospitalRun/hospitalrun-frontend,https://github.com/HospitalRun/hospitalrun-frontend
IvanGoncharov/graphql-voyager,https://github.com/IvanGoncharov/graphql-voyager
James-Yu/LaTeX-Workshop,https://github.com/James-Yu/LaTeX-Workshop
JetBrains/ring-ui,https://github.com/JetBrains/ring-ui
Jigsaw-Code/outline-client,https://github.com/Jigsaw-Code/outline-client
JordanKnott/taskcafe,https://github.com/JordanKnott/taskcafe
Kaiyiwing/qwerty-learner,https://github.com/Kaiyiwing/qwerty-learner
Kureev/react-native-blur,https://github.com/Kureev/react-native-blur
LeetCode-OpenSource/vscode-leetcode,https://github.com/LeetCode-OpenSource/vscode-leetcode
Molunerfinn/PicGo,https://github.com/Molunerfinn/PicGo
NG-ZORRO/ng-zorro-antd,https://github.com/NG-ZORRO/ng-zorro-antd
NativeScript/NativeScript,https://github.com/NativeScript/NativeScript
NervJS/taro,https://github.com/NervJS/taro
NervJS/taro-ui,https://github.com/NervJS/taro-ui
NomicFoundation/hardhat,https://github.com/NomicFoundation/hardhat
PaulLeCam/react-leaflet,https://github.com/PaulLeCam/react-leaflet
PlasmoHQ/plasmo,https://github.com/PlasmoHQ/plasmo
Raathigesh/majestic,https://github.com/Raathigesh/majestic
ReactiveX/rxjs,https://github.com/ReactiveX/rxjs
Redocly/redoc,https://github.com/Redocly/redoc
Sairyss/domain-driven-hexagon,https://github.com/Sairyss/domain-driven-hexagon
Saul-Mirone/milkdown,https://github.com/Saul-Mirone/milkdown
Shopify/react-native-skia,https://github.com/Shopify/react-native-skia
SoftwareBrothers/adminjs,https://github.com/SoftwareBrothers/adminjs
Splidejs/splide,https://github.com/Splidejs/splide
TanStack/query,https://github.com/TanStack/query
Tencent/vConsole,https://github.com/Tencent/vConsole
Tonejs/Tone.js,https://github.com/Tonejs/Tone.js
TypeStrong/ts-loader,https://github.com/TypeStrong/ts-loader
TypeStrong/typedoc,https://github.com/TypeStrong/typedoc
Uniswap/web3-react,https://github.com/Uniswap/web3-react
Unleash/unleash,https://github.com/Unleash/unleash
Vanessa219/vditor,https://github.com/Vanessa219/vditor
actions/checkout,https://github.com/actions/checkout
actions/starter-workflows,https://github.com/actions/starter-workflows
adobe/react-spectrum,https://github.com/adobe/react-spectrum
adonisjs/core,https://github.com/adonisjs/core
ag-grid/ag-grid,https://github.com/ag-grid/ag-grid
aidenybai/million,https://github.com/aidenybai/million
airbnb/react-sketchapp,https://github.com/airbnb/react-sketchapp
airbnb/visx,https://github.com/airbnb/visx
ajv-validator/ajv,https://github.com/ajv-validator/ajv
akveo/eva-icons,https://github.com/akveo/eva-icons
akveo/kittenTricks,https://github.com/akveo/kittenTricks
akveo/nebular,https://github.com/akveo/nebular
akveo/ngx-admin,https://github.com/akveo/ngx-admin
alan2207/bulletproof-react,https://github.com/alan2207/bulletproof-react
alangpierce/sucrase,https://github.com/alangpierce/sucrase
alephjs/aleph.js,https://github.com/alephjs/aleph.js
alexjoverm/typescript-library-starter,https://github.com/alexjoverm/typescript-library-starter
alibaba/BizCharts,https://github.com/alibaba/BizCharts
alibaba/formily,https://github.com/alibaba/formily
alibaba/ice,https://github.com/alibaba/ice
alibaba/lowcode-engine,https://github.com/alibaba/lowcode-engine
angular-ui/ui-router,https://github.com/angular-ui/ui-router
angular/angular,https://github.com/angular/angular
angular/angular-cli,https://github.com/angular/angular-cli
angular/components,https://github.com/angular/components
angular/flex-layout,https://github.com/angular/flex-layout
ant-design/ant-design-pro,https://github.com/ant-design/ant-design-pro
antfu/vitesse,https://github.com/antfu/vitesse
antvis/X6,https://github.com/antvis/X6
any86/any-rule,https://github.com/any86/any-rule
apache/echarts,https://github.com/apache/echarts
apache/superset,https://github.com/apache/superset
apertureless/vue-chartjs,https://github.com/apertureless/vue-chartjs
api-platform/api-platform,https://github.com/api-platform/api-platform
apify/crawlee,https://github.com/apify/crawlee
apihero-run/jsonhero-web,https://github.com/apihero-run/jsonhero-web
apollographql/apollo-client,https://github.com/apollographql/apollo-client
apollographql/apollo-server,https://github.com/apollographql/apollo-server
appsmithorg/appsmith,https://github.com/appsmithorg/appsmith
appwrite/appwrite,https://github.com/appwrite/appwrite
arco-design/arco-design,https://github.com/arco-design/arco-design
aurelia/framework,https://github.com/aurelia/framework
auth0/express-jwt,https://github.com/auth0/express-jwt
aws-amplify/amplify-js,https://github.com/aws-amplify/amplify-js
babel/babel,https://github.com/babel/babel
backstage/backstage,https://github.com/backstage/backstage
baidu/amis,https://github.com/baidu/amis
balena-io/etcher,https://github.com/balena-io/etcher
basarat/typescript-book,https://github.com/basarat/typescript-book
ben-rogerson/twin.macro,https://github.com/ben-rogerson/twin.macro
benjamn/recast,https://github.com/benjamn/recast
bitcoinjs/bitcoinjs-lib,https://github.com/bitcoinjs/bitcoinjs-lib
blitz-js/blitz,https://github.com/blitz-js/blitz
bloomrpc/bloomrpc,https://github.com/bloomrpc/bloomrpc
bqplot/bqplot,https://github.com/bqplot/bqplot
brick-design/brick-design,https://github.com/brick-design/brick-design
browserless/chrome,https://github.com/browserless/chrome
burtonator/polar-bookshelf,https://github.com/burtonator/polar-bookshelf
butlerx/wetty,https://github.com/butlerx/wetty
buuing/lucky-canvas,https://github.com/buuing/lucky-canvas
bvaughn/react-error-boundary,https://github.com/bvaughn/react-error-boundary
bytebase/star-history,https://github.com/bytebase/star-history
bytedance/IconPark,https://github.com/bytedance/IconPark
calcom/cal.com,https://github.com/calcom/cal.com
captbaritone/webamp,https://github.com/captbaritone/webamp
chakra-ui/chakra-ui,https://github.com/chakra-ui/chakra-ui
changesets/changesets,https://github.com/changesets/changesets
chartist-js/chartist,https://github.com/chartist-js/chartist
cheeriojs/cheerio,https://github.com/cheeriojs/cheerio
clauderic/dnd-kit,https://github.com/clauderic/dnd-kit
coder/code-server,https://github.com/coder/code-server
colinhacks/zod,https://github.com/colinhacks/zod
colyseus/colyseus,https://github.com/colyseus/colyseus
conventional-changelog/commitlint,https://github.com/conventional-changelog/commitlint
conwnet/github1s,https://github.com/conwnet/github1s
cs01/gdbgui,https://github.com/cs01/gdbgui
cucumber/common,https://github.com/cucumber/common
cuixiaorui/mini-vue,https://github.com/cuixiaorui/mini-vue
cypress-io/cypress-realworld-app,https://github.com/cypress-io/cypress-realworld-app
cyrildiagne/ar-cutpaste,https://github.com/cyrildiagne/ar-cutpaste
danger/danger-js,https://github.com/danger/danger-js
danilowoz/react-content-loader,https://github.com/danilowoz/react-content-loader
darkreader/darkreader,https://github.com/darkreader/darkreader
date-fns/date-fns,https://github.com/date-fns/date-fns
davidtheclark/cosmiconfig,https://github.com/davidtheclark/cosmiconfig
daybrush/moveable,https://github.com/daybrush/moveable
deepstreamIO/deepstream.io,https://github.com/deepstreamIO/deepstream.io
dendronhq/dendron,https://github.com/dendronhq/dendron
desktop/desktop,https://github.com/desktop/desktop
developit/mitt,https://github.com/developit/mitt
dicebear/dicebear,https://github.com/dicebear/dicebear
dilame/instagram-private-api,https://github.com/dilame/instagram-private-api
dilanx/craco,https://github.com/dilanx/craco
directus/directus,https://github.com/directus/directus
doczjs/docz,https://github.com/doczjs/docz
doodlewind/jshistory-cn,https://github.com/doodlewind/jshistory-cn
dotansimha/graphql-yoga,https://github.com/dotansimha/graphql-yoga
draft-js-plugins/draft-js-plugins,https://github.com/draft-js-plugins/draft-js-plugins
ds300/patch-package,https://github.com/ds300/patch-package
eclipse-theia/theia,https://github.com/eclipse-theia/theia
eclipse/che,https://github.com/eclipse/che
ecomfe/zrender,https://github.com/ecomfe/zrender
edp963/davinci,https://github.com/edp963/davinci
elastic/eui,https://github.com/elastic/eui
elastic/kibana,https://github.com/elastic/kibana
electron-react-boilerplate/electron-react-boilerplate,https://github.com/electron-react-boilerplate/electron-react-boilerplate
electron-userland/electron-builder,https://github.com/electron-userland/electron-builder
electron/fiddle,https://github.com/electron/fiddle
emmetio/emmet,https://github.com/emmetio/emmet
este/este,https://github.com/este/este
ethers-io/ethers.js,https://github.com/ethers-io/ethers.js
excalidraw/excalidraw,https://github.com/excalidraw/excalidraw
expo/create-react-native-app,https://github.com/expo/create-react-native-app
express-validator/express-validator,https://github.com/express-validator/express-validator
facebook/docusaurus,https://github.com/facebook/docusaurus
facebook/flipper,https://github.com/facebook/flipper
facebook/jest,https://github.com/facebook/jest
facebook/lexical,https://github.com/facebook/lexical
faker-js/faker,https://github.com/faker-js/faker
feathersjs/feathers,https://github.com/feathersjs/feathers
felixrieseberg/windows95,https://github.com/felixrieseberg/windows95
fingerprintjs/fingerprintjs,https://github.com/fingerprintjs/fingerprintjs
firebase/firebase-js-sdk,https://github.com/firebase/firebase-js-sdk
flatpickr/flatpickr,https://github.com/flatpickr/flatpickr
floating-ui/floating-ui,https://github.com/floating-ui/floating-ui
foambubble/foam,https://github.com/foambubble/foam
formatjs/formatjs,https://github.com/formatjs/formatjs
formkit/auto-animate,https://github.com/formkit/auto-animate
framer/motion,https://github.com/framer/motion
freeCodeCamp/freeCodeCamp,https://github.com/freeCodeCamp/freeCodeCamp
fullcalendar/fullcalendar,https://github.com/fullcalendar/fullcalendar
gajus/slonik,https://github.com/gajus/slonik
gcanti/fp-ts,https://github.com/gcanti/fp-ts
geist-org/geist-ui,https://github.com/geist-org/geist-ui
getsentry/sentry-javascript,https://github.com/getsentry/sentry-javascript
giscus/giscus,https://github.com/giscus/giscus
gitkraken/vscode-gitlens,https://github.com/gitkraken/vscode-gitlens
google/incremental-dom,https://github.com/google/incremental-dom
googleworkspace/md2googleslides,https://github.com/googleworkspace/md2googleslides
gorhom/react-native-bottom-sheet,https://github.com/gorhom/react-native-bottom-sheet
gothinkster/angular-realworld-example-app,https://github.com/gothinkster/angular-realworld-example-app
gpbl/react-day-picker,https://github.com/gpbl/react-day-picker
graphile/postgraphile,https://github.com/graphile/postgraphile
graphql-editor/graphql-editor,https://github.com/graphql-editor/graphql-editor
graphql/express-graphql,https://github.com/graphql/express-graphql
graphql/graphiql,https://github.com/graphql/graphiql
graphql/graphql-js,https://github.com/graphql/graphql-js
graphql/graphql-playground,https://github.com/graphql/graphql-playground
gridstack/gridstack.js,https://github.com/gridstack/gridstack.js
guess-js/guess,https://github.com/guess-js/guess
gvergnaud/ts-pattern,https://github.com/gvergnaud/ts-pattern
hasura/graphql-engine,https://github.com/hasura/graphql-engine
hedgedoc/hedgedoc,https://github.com/hedgedoc/hedgedoc
hediet/vscode-drawio,https://github.com/hediet/vscode-drawio
helmetjs/helmet,https://github.com/helmetjs/helmet
homebridge/homebridge,https://github.com/homebridge/homebridge
hotwired/stimulus,https://github.com/hotwired/stimulus
hotwired/turbo,https://github.com/hotwired/turbo
howtographql/howtographql,https://github.com/howtographql/howtographql
hustcc/timeago.js,https://github.com/hustcc/timeago.js
ianstormtaylor/superstruct,https://github.com/ianstormtaylor/superstruct
imcuttle/mometa,https://github.com/imcuttle/mometa
immutable-js/immutable-js,https://github.com/immutable-js/immutable-js
improbable-eng/grpc-web,https://github.com/improbable-eng/grpc-web
infinitered/ignite,https://github.com/infinitered/ignite
ionic-team/capacitor,https://github.com/ionic-team/capacitor
ionic-team/ionic-conference-app,https://github.com/ionic-team/ionic-conference-app
ionic-team/ionicons,https://github.com/ionic-team/ionicons
isaacs/node-lru-cache,https://github.com/isaacs/node-lru-cache
jakearchibald/idb,https://github.com/jakearchibald/idb
jamiebuilds/unstated-next,https://github.com/jamiebuilds/unstated-next
jaredpalmer/after.js,https://github.com/jaredpalmer/after.js
jaredpalmer/the-platform,https://github.com/jaredpalmer/the-platform
jef/streetmerchant,https://github.com/jef/streetmerchant
jhipster/generator-jhipster,https://github.com/jhipster/generator-jhipster
jitsi/jitsi-meet,https://github.com/jitsi/jitsi-meet
jkchao/typescript-book-chinese,https://github.com/jkchao/typescript-book-chinese
johannesjo/super-productivity,https://github.com/johannesjo/super-productivity
jquense/yup,https://github.com/jquense/yup
jquery/esprima,https://github.com/jquery/esprima
juice-shop/juice-shop,https://github.com/juice-shop/juice-shop
jupyterlab/jupyterlab,https://github.com/jupyterlab/jupyterlab
justadudewhohacks/face-api.js,https://github.com/justadudewhohacks/face-api.js
kamranahmedse/developer-roadmap,https://github.com/kamranahmedse/developer-roadmap
kaorun343/vue-property-decorator,https://github.com/kaorun343/vue-property-decorator
keplergl/kepler.gl,https://github.com/keplergl/kepler.gl
konvajs/react-konva,https://github.com/konvajs/react-konva
kriasoft/react-starter-kit,https://github.com/kriasoft/react-starter-kit
kulshekhar/ts-jest,https://github.com/kulshekhar/ts-jest
labs42io/clean-code-typescript,https://github.com/labs42io/clean-code-typescript
laurent22/joplin,https://github.com/laurent22/joplin
leongersen/noUiSlider,https://github.com/leongersen/noUiSlider
lewish/asciiflow,https://github.com/lewish/asciiflow
lingui/js-lingui,https://github.com/lingui/js-lingui
linkedin/css-blocks,https://github.com/linkedin/css-blocks
linnovate/mean,https://github.com/linnovate/mean
lit/lit,https://github.com/lit/lit
lit/lit-element,https://github.com/lit/lit-element
liupan1890/aliyunpan,https://github.com/liupan1890/aliyunpan
liyupi/mianshiya-public,https://github.com/liyupi/mianshiya-public
logto-io/logto,https://github.com/logto-io/logto
loopbackio/loopback-next,https://github.com/loopbackio/loopback-next
mantinedev/mantine,https://github.com/mantinedev/mantine
markdoc/markdoc,https://github.com/markdoc/markdoc
markmap/markmap,https://github.com/markmap/markmap
marmelab/react-admin,https://github.com/marmelab/react-admin
massCodeIO/massCode,https://github.com/massCodeIO/massCode
material-shell/material-shell,https://github.com/material-shell/material-shell
mattallty/Caporal.js,https://github.com/mattallty/Caporal.js
matteobruni/tsparticles,https://github.com/matteobruni/tsparticles
mattermost/focalboard,https://github.com/mattermost/focalboard
maxogden/menubar,https://github.com/maxogden/menubar
medusajs/medusa,https://github.com/medusajs/medusa
meienberger/runtipi,https://github.com/meienberger/runtipi
metricsgraphics/metrics-graphics,https://github.com/metricsgraphics/metrics-graphics
microsoft/BosqueLanguage,https://github.com/microsoft/BosqueLanguage
microsoft/FluidFramework,https://github.com/microsoft/FluidFramework
microsoft/SandDance,https://github.com/microsoft/SandDance
microsoft/TypeScript,https://github.com/microsoft/TypeScript
microsoft/azuredatastudio,https://github.com/microsoft/azuredatastudio
microsoft/code-push,https://github.com/microsoft/code-push
microsoft/codetour,https://github.com/microsoft/codetour
microsoft/fast,https://github.com/microsoft/fast
microsoft/fluentui,https://github.com/microsoft/fluentui
microsoft/playwright,https://github.com/microsoft/playwright
microsoft/reactxp,https://github.com/microsoft/reactxp
microsoft/vscode,https://github.com/microsoft/vscode
microsoft/vscode-cpptools,https://github.com/microsoft/vscode-cpptools
microsoft/vscode-extension-samples,https://github.com/microsoft/vscode-extension-samples
microsoft/vscode-go,https://github.com/microsoft/vscode-go
midwayjs/midway,https://github.com/midwayjs/midway
millsp/ts-toolbelt,https://github.com/millsp/ts-toolbelt
missive/emoji-mart,https://github.com/missive/emoji-mart
mobxjs/mobx,https://github.com/mobxjs/mobx
mobxjs/mobx-react,https://github.com/mobxjs/mobx-react
mobxjs/mobx-state-tree,https://github.com/mobxjs/mobx-state-tree
mockoon/mockoon,https://github.com/mockoon/mockoon
monkeytypegame/monkeytype,https://github.com/monkeytypegame/monkeytype
n8n-io/n8n,https://github.com/n8n-io/n8n
nativefier/nativefier,https://github.com/nativefier/nativefier
nestjs/nest,https://github.com/nestjs/nest
netless-io/flat,https://github.com/netless-io/flat
nexe/nexe,https://github.com/nexe/nexe
nextauthjs/next-auth,https://github.com/nextauthjs/next-auth
nextui-org/nextui,https://github.com/nextui-org/nextui
ng-alain/ng-alain,https://github.com/ng-alain/ng-alain
ng-bootstrap/ng-bootstrap,https://github.com/ng-bootstrap/ng-bootstrap
ngrx/platform,https://github.com/ngrx/platform
ngx-translate/core,https://github.com/ngx-translate/core
ngxs/store,https://github.com/ngxs/store
nhn/tui.editor,https://github.com/nhn/tui.editor
niklasvh/html2canvas,https://github.com/niklasvh/html2canvas
nocobase/nocobase,https://github.com/nocobase/nocobase
nocodb/nocodb,https://github.com/nocodb/nocodb
nodegui/react-nodegui,https://github.com/nodegui/react-nodegui
nomcopter/react-mosaic,https://github.com/nomcopter/react-mosaic
notable/notable,https://github.com/notable/notable
novuhq/novu,https://github.com/novuhq/novu
nrwl/nx,https://github.com/nrwl/nx
nteract/nteract,https://github.com/nteract/nteract
numbersprotocol/nit,https://github.com/numbersprotocol/nit
oclif/oclif,https://github.com/oclif/oclif
octokit/octokit.js,https://github.com/octokit/octokit.js
oldj/SwitchHosts,https://github.com/oldj/SwitchHosts
open-cli-tools/concurrently,https://github.com/open-cli-tools/concurrently
openkraken/kraken,https://github.com/openkraken/kraken
orchest/orchest,https://github.com/orchest/orchest
outline/outline,https://github.com/outline/outline
pacocoursey/cmdk,https://github.com/pacocoursey/cmdk
palantir/blueprint,https://github.com/palantir/blueprint
palantir/tslint,https://github.com/palantir/tslint
pavlobu/deskreen,https://github.com/pavlobu/deskreen
payloadcms/payload,https://github.com/payloadcms/payload
peaceiris/actions-gh-pages,https://github.com/peaceiris/actions-gh-pages
penrose/penrose,https://github.com/penrose/penrose
piotrwitek/react-redux-typescript-guide,https://github.com/piotrwitek/react-redux-typescript-guide
piotrwitek/utility-types,https://github.com/piotrwitek/utility-types
pixijs/pixijs,https://github.com/pixijs/pixijs
pmndrs/react-three-fiber,https://github.com/pmndrs/react-three-fiber
pmndrs/use-gesture,https://github.com/pmndrs/use-gesture
pmndrs/valtio,https://github.com/pmndrs/valtio
pmndrs/zustand,https://github.com/pmndrs/zustand
pnpm/pnpm,https://github.com/pnpm/pnpm
postcss/postcss,https://github.com/postcss/postcss
prevwong/craft.js,https://github.com/prevwong/craft.js
prisma-labs/graphql-request,https://github.com/prisma-labs/graphql-request
prisma/prisma-examples,https://github.com/prisma/prisma-examples
projectstorm/react-diagrams,https://github.com/projectstorm/react-diagrams
pubkey/rxdb,https://github.com/pubkey/rxdb
puppeteer/puppeteer,https://github.com/puppeteer/puppeteer
quicktype/quicktype,https://github.com/quicktype/quicktype
radix-ui/primitives,https://github.com/radix-ui/primitives
railsware/upterm,https://github.com/railsware/upterm
raineorshine/npm-check-updates,https://github.com/raineorshine/npm-check-updates
rancher-sandbox/rancher-desktop,https://github.com/rancher-sandbox/rancher-desktop
react-bootstrap/react-bootstrap,https://github.com/react-bootstrap/react-bootstrap
react-cosmos/react-cosmos,https://github.com/react-cosmos/react-cosmos
react-dnd/react-dnd,https://github.com/react-dnd/react-dnd
react-icons/react-icons,https://github.com/react-icons/react-icons
react-native-device-info/react-native-device-info,https://github.com/react-native-device-info/react-native-device-info
react-native-elements/react-native-elements,https://github.com/react-native-elements/react-native-elements
react-page/react-page,https://github.com/react-page/react-page
reactchartjs/react-chartjs-2,https://github.com/reactchartjs/react-chartjs-2
reactjs/react-docgen,https://github.com/reactjs/react-docgen
reactjs/reactjs.org,https://github.com/reactjs/reactjs.org
recharts/recharts,https://github.com/recharts/recharts
redis/node-redis,https://github.com/redis/node-redis
reduxjs/react-redux,https://github.com/reduxjs/react-redux
reduxjs/redux,https://github.com/reduxjs/redux
reduxjs/redux-devtools,https://github.com/reduxjs/redux-devtools
reduxjs/redux-thunk,https://github.com/reduxjs/redux-thunk
reduxjs/reselect,https://github.com/reduxjs/reselect
redwoodjs/redwood,https://github.com/redwoodjs/redwood
refined-github/refined-github,https://github.com/refined-github/refined-github
remaxjs/remax,https://github.com/remaxjs/remax
remix-run/remix,https://github.com/remix-run/remix
remotion-dev/remotion,https://github.com/remotion-dev/remotion
retejs/rete,https://github.com/retejs/rete
ritwickdey/vscode-live-server,https://github.com/ritwickdey/vscode-live-server
ritz078/transform,https://github.com/ritz078/transform
rjsf-team/react-jsonschema-form,https://github.com/rjsf-team/react-jsonschema-form
rolling-scopes/rsschool-app,https://github.com/rolling-scopes/rsschool-app
rough-stuff/rough-notation,https://github.com/rough-stuff/rough-notation
rough-stuff/wired-elements,https://github.com/rough-stuff/wired-elements
rrweb-io/rrweb,https://github.com/rrweb-io/rrweb
rsuite/rsuite,https://github.com/rsuite/rsuite
rt2zz/redux-persist,https://github.com/rt2zz/redux-persist
sachinchoolur/lightGallery,https://github.com/sachinchoolur/lightGallery
sahat/satellizer,https://github.com/sahat/satellizer
santiq/bulletproof-nodejs,https://github.com/santiq/bulletproof-nodejs
sass/sass,https://github.com/sass/sass
searchkit/searchkit,https://github.com/searchkit/searchkit
seek-oss/playroom,https://github.com/seek-oss/playroom
shakiba/planck.js,https://github.com/shakiba/planck.js
signalapp/Signal-Desktop,https://github.com/signalapp/Signal-Desktop
sindresorhus/caprine,https://github.com/sindresorhus/caprine
sindresorhus/got,https://github.com/sindresorhus/got
sindresorhus/modern-normalize,https://github.com/sindresorhus/modern-normalize
sindresorhus/type-fest,https://github.com/sindresorhus/type-fest
siyuan-note/siyuan,https://github.com/siyuan-note/siyuan
snyk/cli,https://github.com/snyk/cli
socketio/socket.io,https://github.com/socketio/socket.io
solidjs/solid,https://github.com/solidjs/solid
sqlectron/sqlectron-gui,https://github.com/sqlectron/sqlectron-gui
squidfunk/mkdocs-material,https://github.com/squidfunk/mkdocs-material
statelyai/xstate,https://github.com/statelyai/xstate
storybookjs/storybook,https://github.com/storybookjs/storybook
streamich/react-use,https://github.com/streamich/react-use
styled-components/styled-components,https://github.com/styled-components/styled-components
styletron/styletron,https://github.com/styletron/styletron
supabase/supabase,https://github.com/supabase/supabase
surmon-china/videojs-player,https://github.com/surmon-china/videojs-player
surveyjs/survey-library,https://github.com/surveyjs/survey-library
sveltejs/sapper,https://github.com/sveltejs/sapper
sveltejs/svelte,https://github.com/sveltejs/svelte
swimlane/ngx-charts,https://github.com/swimlane/ngx-charts
swimlane/ngx-datatable,https://github.com/swimlane/ngx-datatable
szimek/signature_pad,https://github.com/szimek/signature_pad
t3-oss/create-t3-app,https://github.com/t3-oss/create-t3-app
tailwindlabs/headlessui,https://github.com/tailwindlabs/headlessui
taniarascia/takenote,https://github.com/taniarascia/takenote
teambit/bit,https://github.com/teambit/bit
telegraf/telegraf,https://github.com/telegraf/telegraf
tensorflow/tensorboard,https://github.com/tensorflow/tensorboard
tensorflow/tfjs,https://github.com/tensorflow/tfjs
tensorflow/tfjs-core,https://github.com/tensorflow/tfjs-core
tensorflow/tfjs-models,https://github.com/tensorflow/tfjs-models
testing-library/react-hooks-testing-library,https://github.com/testing-library/react-hooks-testing-library
the1812/Bilibili-Evolved,https://github.com/the1812/Bilibili-Evolved
theatre-js/theatre,https://github.com/theatre-js/theatre
thedevs-network/kutt,https://github.com/thedevs-network/kutt
theintern/intern,https://github.com/theintern/intern
thelounge/thelounge,https://github.com/thelounge/thelounge
thx/rap2-delos,https://github.com/thx/rap2-delos
timc1/kbar,https://github.com/timc1/kbar
tinacms/tinacms,https://github.com/tinacms/tinacms
tinymce/tinymce,https://github.com/tinymce/tinymce
total-typescript/beginners-typescript-tutorial,https://github.com/total-typescript/beginners-typescript-tutorial
transitive-bullshit/nextjs-notion-starter-kit,https://github.com/transitive-bullshit/nextjs-notion-starter-kit
tridactyl/tridactyl,https://github.com/tridactyl/tridactyl
trufflesuite/truffle,https://github.com/trufflesuite/truffle
tsiege/Tech-Interview-Cheat-Sheet,https://github.com/tsiege/Tech-Interview-Cheat-Sheet
turbolinks/turbolinks,https://github.com/turbolinks/turbolinks
type-challenges/type-challenges,https://github.com/type-challenges/type-challenges
typescript-eslint/typescript-eslint,https://github.com/typescript-eslint/typescript-eslint
uber/baseweb,https://github.com/uber/baseweb
umijs/qiankun,https://github.com/umijs/qiankun
umijs/umi,https://github.com/umijs/umi
unform/unform,https://github.com/unform/unform
unocss/unocss,https://github.com/unocss/unocss
ustbhuangyi/better-scroll,https://github.com/ustbhuangyi/better-scroll
utterance/utterances,https://github.com/utterance/utterances
vadimdemedes/ink,https://github.com/vadimdemedes/ink
valor-software/ngx-bootstrap,https://github.com/valor-software/ngx-bootstrap
vector-im/element-web,https://github.com/vector-im/element-web
vercel/commerce,https://github.com/vercel/commerce
vercel/hyper,https://github.com/vercel/hyper
vercel/ms,https://github.com/vercel/ms
vercel/satori,https://github.com/vercel/satori
vercel/serve,https://github.com/vercel/serve
vercel/swr,https://github.com/vercel/swr
video-dev/hls.js,https://github.com/video-dev/hls.js
visgl/react-map-gl,https://github.com/visgl/react-map-gl
vitejs/vite,https://github.com/vitejs/vite
vitest-dev/vitest,https://github.com/vitest-dev/vitest
vmware/clarity,https://github.com/vmware/clarity
vuejs/composition-api,https://github.com/vuejs/composition-api
vuejs/core,https://github.com/vuejs/core
vuejs/devtools,https://github.com/vuejs/devtools
vuejs/petite-vue,https://github.com/vuejs/petite-vue
vuejs/pinia,https://github.com/vuejs/pinia
vuejs/vetur,https://github.com/vuejs/vetur
vuejs/vitepress,https://github.com/vuejs/vitepress
vuejs/vue-class-component,https://github.com/vuejs/vue-class-component
vuejs/vue-loader,https://github.com/vuejs/vue-loader
vuetifyjs/vuetify,https://github.com/vuetifyjs/vuetify
vueuse/vueuse,https://github.com/vueuse/vueuse
wagmi-dev/wagmi,https://github.com/wagmi-dev/wagmi
wangeditor-team/wangEditor,https://github.com/wangeditor-team/wangEditor
wbkd/react-flow,https://github.com/wbkd/react-flow
wcandillon/can-it-be-done-in-react-native,https://github.com/wcandillon/can-it-be-done-in-react-native
wclr/yalc,https://github.com/wclr/yalc
webdriverio/webdriverio,https://github.com/webdriverio/webdriverio
webhintio/hint,https://github.com/webhintio/hint
webiny/webiny-js,https://github.com/webiny/webiny-js
wechaty/wechaty,https://github.com/wechaty/wechaty
wenyan-lang/wenyan,https://github.com/wenyan-lang/wenyan
whyour/qinglong,https://github.com/whyour/qinglong
williamngan/pts,https://github.com/williamngan/pts
windicss/windicss,https://github.com/windicss/windicss
withastro/astro,https://github.com/withastro/astro
witheve/Eve,https://github.com/witheve/Eve
withfig/autocomplete,https://github.com/withfig/autocomplete
wix/react-native-ui-lib,https://github.com/wix/react-native-ui-lib
wulkano/Kap,https://github.com/wulkano/Kap
x-extends/vxe-table,https://github.com/x-extends/vxe-table
xtermjs/xterm.js,https://github.com/xtermjs/xterm.js
yaklang/yakit,https://github.com/yaklang/yakit
yangshun/tech-interview-handbook,https://github.com/yangshun/tech-interview-handbook
yeemachine/kalidokit,https://github.com/yeemachine/kalidokit
yezihaohao/react-admin,https://github.com/yezihaohao/react-admin
yiminghe/async-validator,https://github.com/yiminghe/async-validator
yinxin630/fiora,https://github.com/yinxin630/fiora
yocontra/react-responsive,https://github.com/yocontra/react-responsive
youzan/vant,https://github.com/youzan/vant
zhongsp/TypeScript,https://github.com/zhongsp/TypeScript
